日付,カテゴリ,金額,メモ
2025-01-01,住宅費,97238,家賃
2025-01-01,交通費,1573,ガソリン代
2025-01-02,交通費,830,出張交通費
2025-01-03,娯楽,3969,飲み会
2025-01-03,食費,2597,お弁当と飲み物
2025-01-03,娯楽,3080,カフェで休憩
2025-01-04,日用品,1486,化粧品購入
2025-01-05,食費,2221,コンビニで軽食
2025-01-06,日用品,2719,洗剤とトイレットペーパー
2025-01-07,日用品,1726,衛生用品
2025-01-07,食費,739,スーパーのまとめ買い
2025-01-08,交通費,904,ガソリン代
2025-01-10,交通費,2266,通勤定期
2025-01-10,日用品,1846,衛生用品
2025-01-11,食費,2749,スーパーのまとめ買い
2025-01-12,交通費,1137,出張交通費
2025-01-14,食費,3318,お弁当と飲み物
2025-01-15,教育費,5756,通信講座費
2025-01-16,交際費,4954,親族への贈答
2025-01-17,光熱費,13607,季節料金
2025-01-18,交通費,1943,出張交通費
2025-01-18,医療費,10393,処方箋代
2025-01-22,食費,1525,お弁当と飲み物
2025-01-25,交際費,5008,同期会
2025-01-25,娯楽,1704,スポーツ観戦
2025-01-25,娯楽,2899,映画鑑賞
2025-01-25,食費,1949,スーパーのまとめ買い
2025-01-26,交通費,615,駐車場代
2025-01-26,交通費,2179,電車代
2025-01-26,医療費,8109,健康診断費用
2025-01-27,日用品,1543,生活雑貨購入
2025-01-28,日用品,1394,掃除用品
2025-02-01,住宅費,92204,家賃
2025-02-01,日用品,3230,洗剤とトイレットペーパー
2025-02-02,交際費,1438,会食代
2025-02-02,交通費,1024,電車代
2025-02-02,娯楽,2740,映画鑑賞
2025-02-02,交際費,4392,友人と食事
2025-02-03,交際費,1406,会食代
2025-02-06,日用品,1292,洗剤とトイレットペーパー
2025-02-10,食費,1952,お弁当と飲み物
2025-02-10,娯楽,4141,飲み会
2025-02-11,娯楽,1044,カフェで休憩
2025-02-12,交際費,4023,接待費
2025-02-12,食費,998,スーパーのまとめ買い
2025-02-12,医療費,7404,定期検診費
2025-02-13,日用品,1805,生活雑貨購入
2025-02-15,教育費,6426,通信講座費
2025-02-15,医療費,5147,病院受診
2025-02-16,食費,1744,家族の食材購入
2025-02-16,交際費,4687,友人と食事
2025-02-17,食費,829,スーパーのまとめ買い
2025-02-18,娯楽,2697,カフェで休憩
2025-02-20,食費,1409,夕食の買い出し
2025-02-20,娯楽,3074,スポーツ観戦
2025-02-20,光熱費,16412,ガス代
2025-02-21,その他,1829,急な出費
2025-02-22,食費,1357,お弁当と飲み物
2025-02-22,光熱費,13133,水道代
2025-02-23,光熱費,8805,電気代
2025-02-25,交通費,1249,出張交通費
2025-02-25,交通費,585,バス代
2025-02-26,娯楽,5970,スポーツ観戦
2025-02-27,光熱費,16630,ガス代
2025-02-28,食費,2158,朝食と昼食
2025-02-28,交際費,2305,友人と食事
2025-03-01,住宅費,94006,家賃
2025-03-01,医療費,7449,処方箋代
2025-03-03,日用品,663,化粧品購入
2025-03-03,交通費,1563,駐車場代
2025-03-04,交際費,3794,接待費
2025-03-05,日用品,1713,衛生用品
2025-03-06,娯楽,5061,スポーツ観戦
2025-03-07,日用品,2637,生活雑貨購入
2025-03-07,食費,1911,家族の食材購入
2025-03-08,光熱費,12072,月次光熱費
2025-03-09,光熱費,11603,ガス代
2025-03-10,食費,523,スーパーのまとめ買い
2025-03-10,日用品,1212,化粧品購入
2025-03-11,娯楽,3636,飲み会
2025-03-11,交際費,4357,会食代
2025-03-12,交通費,859,バス代
2025-03-12,娯楽,3459,ゲーム購入
2025-03-13,食費,1825,家族の食材購入
2025-03-15,教育費,6214,通信講座費
2025-03-16,日用品,1177,文房具を購入
2025-03-16,医療費,2439,病院受診
2025-03-17,日用品,1658,バスタオル購入
2025-03-18,医療費,10882,健康診断費用
2025-03-20,食費,1786,家族の食材購入
2025-03-20,交際費,1563,会食代
2025-03-21,その他,829,急な出費
2025-03-21,娯楽,3406,ゲーム購入
2025-03-22,日用品,1363,化粧品購入
2025-03-23,交通費,324,通勤定期
2025-03-23,光熱費,9716,ガス代
2025-03-24,娯楽,1149,ゲーム購入
2025-03-24,日用品,1412,生活雑貨購入
2025-03-24,交通費,676,ガソリン代
2025-03-25,医療費,9302,処方箋代
2025-03-26,娯楽,3826,書籍購入
2025-03-26,日用品,1356,洗剤とトイレットペーパー
2025-03-27,日用品,736,洗剤とトイレットペーパー
2025-03-27,光熱費,18578,電気代
2025-03-28,食費,2875,夕食の買い出し
2025-04-01,住宅費,93143,家賃
2025-04-02,日用品,1556,衛生用品
2025-04-04,食費,572,スーパーのまとめ買い
2025-04-05,日用品,1759,掃除用品
2025-04-06,日用品,1226,バスタオル購入
2025-04-06,交通費,1296,通勤定期
2025-04-07,日用品,585,衛生用品
2025-04-07,交際費,4290,お祝い
2025-04-07,食費,1899,スーパーのまとめ買い
2025-04-08,食費,894,家族の食材購入
2025-04-08,日用品,613,バスタオル購入
2025-04-09,食費,1596,家族の食材購入
2025-04-09,交通費,1308,電車代
2025-04-09,日用品,1133,掃除用品
2025-04-10,医療費,9346,定期検診費
2025-04-11,医療費,4241,定期検診費
2025-04-12,交通費,1029,ガソリン代
2025-04-12,医療費,4652,薬局で購入
2025-04-13,娯楽,3527,ライブチケット
2025-04-13,交際費,1780,親族への贈答
2025-04-14,光熱費,12629,月次光熱費
2025-04-15,教育費,5719,通信講座費
2025-04-15,食費,1280,スーパーで買い物
2025-04-15,光熱費,12960,電気・ガスまとめ請求
2025-04-15,食費,1584,夕食の買い出し
2025-04-15,光熱費,19267,電気・ガスまとめ請求
2025-04-16,娯楽,4907,カフェで休憩
2025-04-16,日用品,2178,化粧品購入
2025-04-17,日用品,589,文房具を購入
2025-04-19,食費,748,朝食と昼食
2025-04-19,交通費,393,出張交通費
2025-04-20,光熱費,10121,電気・ガスまとめ請求
2025-04-20,食費,2923,お弁当と飲み物
2025-04-21,食費,2091,スーパーで買い物
2025-04-21,食費,1704,朝食と昼食
2025-04-22,光熱費,13940,水道代
2025-04-22,娯楽,2266,スポーツ観戦
2025-04-22,交通費,1265,通勤定期
2025-04-23,日用品,1858,洗剤とトイレットペーパー
2025-04-25,交通費,354,出張交通費
2025-04-25,日用品,1584,洗剤とトイレットペーパー
2025-04-25,食費,1029,スーパーで買い物
2025-04-25,食費,2848,スーパーで買い物
2025-04-26,日用品,1842,文房具を購入
2025-04-27,食費,2969,コンビニで軽食
2025-04-27,日用品,2646,生活雑貨購入
2025-04-28,医療費,5616,健康診断費用
2025-05-01,住宅費,97543,家賃
2025-05-01,日用品,2120,洗剤とトイレットペーパー
2025-05-01,食費,1119,スーパーのまとめ買い
2025-05-02,食費,2491,コンビニで軽食
2025-05-02,交際費,2352,会食代
2025-05-03,交際費,6089,お祝い
2025-05-05,その他,1964,雑費
2025-05-07,娯楽,3023,飲み会
2025-05-08,食費,3321,スーパーで買い物
2025-05-08,光熱費,16440,季節料金
2025-05-11,娯楽,2288,飲み会
2025-05-11,光熱費,15449,月次光熱費
2025-05-11,食費,1163,コンビニで軽食
2025-05-12,交通費,553,駐車場代
2025-05-13,交際費,4812,同期会
2025-05-14,食費,1432,朝食と昼食
2025-05-14,交際費,2120,会食代
2025-05-15,教育費,7533,通信講座費
2025-05-15,娯楽,1297,スポーツ観戦
2025-05-15,その他,2133,予備費
2025-05-16,交際費,3851,お祝い
2025-05-17,娯楽,3240,スポーツ観戦
2025-05-18,交通費,1841,高速道路代
2025-05-19,娯楽,4740,スポーツ観戦
2025-05-19,食費,1560,コンビニで軽食
2025-05-19,娯楽,2014,カフェで休憩
2025-05-21,医療費,6616,病院受診
2025-05-21,交通費,671,ガソリン代
2025-05-21,娯楽,3141,映画鑑賞
2025-05-22,日用品,721,文房具を購入
2025-05-23,交通費,760,バス代
2025-05-23,食費,1994,夕食の買い出し
2025-05-24,交際費,6046,友人と食事
2025-05-24,食費,815,朝食と昼食
2025-05-26,日用品,1854,洗剤とトイレットペーパー
2025-05-26,食費,1546,スーパーで買い物
2025-05-27,食費,584,夕食の買い出し
2025-05-27,食費,780,お弁当と飲み物
2025-05-27,その他,2034,小物購入
2025-06-01,住宅費,92712,家賃
2025-06-01,食費,949,スーパーで買い物
2025-06-01,日用品,1162,衛生用品
2025-06-03,日用品,618,衛生用品
2025-06-03,日用品,1607,衛生用品
2025-06-04,交通費,403,高速道路代
2025-06-04,日用品,944,生活雑貨購入
2025-06-04,医療費,3287,定期検診費
2025-06-05,日用品,1510,化粧品購入
2025-06-06,娯楽,6863,スポーツ観戦
2025-06-06,交通費,1124,通勤定期
2025-06-06,医療費,3636,薬局で購入
2025-06-06,日用品,1580,バスタオル購入
2025-06-06,食費,1511,お弁当と飲み物
2025-06-06,医療費,8086,処方箋代
2025-06-07,娯楽,4106,書籍購入
2025-06-07,交通費,1001,電車代
2025-06-09,交際費,4823,友人と食事
2025-06-09,光熱費,9656,電気代
2025-06-09,医療費,7030,健康診断費用
2025-06-10,日用品,2558,掃除用品
2025-06-11,娯楽,4986,カフェで休憩
2025-06-12,娯楽,1989,映画鑑賞
2025-06-12,光熱費,7923,ガス代
2025-06-13,食費,1469,夕食の買い出し
2025-06-14,娯楽,3394,書籍購入
2025-06-14,食費,2080,家族の食材購入
2025-06-15,教育費,7718,通信講座費
2025-06-16,食費,3367,家族の食材購入
2025-06-16,日用品,1465,文房具を購入
2025-06-16,食費,2206,スーパーで買い物
2025-06-18,日用品,655,衛生用品
2025-06-18,日用品,1202,掃除用品
2025-06-18,光熱費,20778,ガス代
2025-06-18,交通費,897,駐車場代
2025-06-19,食費,756,家族の食材購入
2025-06-19,光熱費,19213,水道代
2025-06-20,食費,615,スーパーで買い物
2025-06-20,交通費,1857,ガソリン代
2025-06-20,食費,803,スーパーのまとめ買い
2025-06-20,交通費,727,ガソリン代
2025-06-22,医療費,6993,健康診断費用
2025-06-22,食費,3129,コンビニで軽食
2025-06-22,食費,1509,家族の食材購入
2025-06-22,医療費,9112,病院受診
2025-06-23,食費,1536,スーパーのまとめ買い
2025-06-23,食費,2244,家族の食材購入
2025-06-23,食費,2095,朝食と昼食
2025-06-25,交際費,3716,お祝い
2025-06-25,交際費,2661,会食代
2025-06-26,光熱費,8203,季節料金
2025-06-26,食費,844,お弁当と飲み物
2025-06-26,日用品,381,文房具を購入
2025-06-27,日用品,994,衛生用品
2025-06-28,交通費,724,通勤定期
2025-07-01,住宅費,95456,家賃
2025-07-01,食費,3202,コンビニで軽食
2025-07-03,日用品,2308,化粧品購入
2025-07-04,医療費,6003,薬局で購入
2025-07-04,食費,1058,お弁当と飲み物
2025-07-08,食費,2867,スーパーで買い物
2025-07-08,食費,1004,コンビニで軽食
2025-07-08,交際費,3846,接待費
2025-07-10,食費,1230,家族の食材購入
2025-07-12,光熱費,14410,月次光熱費
2025-07-13,医療費,2681,定期検診費
2025-07-13,日用品,387,生活雑貨購入
2025-07-14,娯楽,4340,映画鑑賞
2025-07-14,日用品,669,掃除用品
2025-07-14,光熱費,13603,水道代
2025-07-15,教育費,5430,通信講座費
2025-07-15,交際費,1729,会食代
2025-07-15,日用品,2107,バスタオル購入
2025-07-15,光熱費,8756,電気代
2025-07-17,日用品,2892,化粧品購入
2025-07-17,食費,694,家族の食材購入
2025-07-17,食費,3441,家族の食材購入
2025-07-18,光熱費,7967,季節料金
2025-07-18,日用品,2610,文房具を購入
2025-07-19,日用品,515,生活雑貨購入
2025-07-19,交通費,1164,バス代
2025-07-20,光熱費,8936,ガス代
2025-07-21,交際費,7038,お祝い
2025-07-22,日用品,2567,掃除用品
2025-07-23,日用品,1438,バスタオル購入
2025-07-25,交通費,1526,バス代
2025-07-26,日用品,3017,掃除用品
2025-07-26,交通費,1079,駐車場代
2025-07-27,光熱費,14638,季節料金
2025-07-27,日用品,1045,洗剤とトイレットペーパー
2025-07-28,交際費,1382,親族への贈答
2025-08-01,住宅費,92244,家賃
2025-08-01,交通費,1601,高速道路代
2025-08-01,食費,1438,朝食と昼食
2025-08-02,交通費,318,通勤定期
2025-08-02,日用品,2532,生活雑貨購入
2025-08-03,交通費,1045,バス代
2025-08-03,娯楽,4584,映画鑑賞
2025-08-03,交際費,9141,会食代
2025-08-04,食費,493,お弁当と飲み物
2025-08-04,交際費,4672,お祝い
2025-08-04,食費,2396,スーパーのまとめ買い
2025-08-04,食費,2112,コンビニで軽食
2025-08-04,食費,2649,スーパーのまとめ買い
2025-08-05,食費,1159,夕食の買い出し
2025-08-05,娯楽,2357,カフェで休憩
2025-08-06,食費,1203,夕食の買い出し
2025-08-07,日用品,2362,文房具を購入
2025-08-07,その他,1577,急な出費
2025-08-08,光熱費,6995,季節料金
2025-08-08,食費,2507,家族の食材購入
2025-08-08,交際費,4802,友人と食事
2025-08-08,娯楽,4405,ゲーム購入
2025-08-08,交通費,1727,高速道路代
2025-08-09,食費,875,お弁当と飲み物
2025-08-10,日用品,3118,文房具を購入
2025-08-10,娯楽,3476,映画鑑賞
2025-08-12,娯楽,4728,スポーツ観戦
2025-08-12,光熱費,11972,月次光熱費
2025-08-14,食費,1829,コンビニで軽食
2025-08-15,教育費,5683,通信講座費
2025-08-15,食費,1210,家族の食材購入
2025-08-15,医療費,6326,病院受診
2025-08-15,日用品,1568,掃除用品
2025-08-15,食費,2844,家族の食材購入
2025-08-17,食費,2331,スーパーのまとめ買い
2025-08-17,交際費,3356,接待費
2025-08-17,日用品,1708,掃除用品
2025-08-18,食費,1041,スーパーのまとめ買い
2025-08-19,日用品,359,掃除用品
2025-08-20,交通費,1450,駐車場代
2025-08-20,食費,2521,お弁当と飲み物
2025-08-21,食費,2561,スーパーのまとめ買い
2025-08-21,食費,1106,家族の食材購入
2025-08-22,日用品,446,洗剤とトイレットペーパー
2025-08-23,交際費,4581,会食代
2025-08-23,日用品,635,バスタオル購入
2025-08-24,日用品,704,生活雑貨購入
2025-08-24,娯楽,2851,スポーツ観戦
2025-08-25,食費,792,夕食の買い出し
2025-08-26,交際費,4954,友人と食事
2025-08-28,交通費,993,ガソリン代
2025-08-28,日用品,1456,バスタオル購入
2025-08-28,交際費,2705,会食代
2025-09-01,住宅費,93791,家賃
2025-09-01,食費,3113,朝食と昼食
2025-09-02,交際費,3840,同期会
2025-09-02,食費,2998,お弁当と飲み物
2025-09-03,食費,1675,コンビニで軽食
2025-09-03,交通費,729,ガソリン代
2025-09-04,光熱費,11051,月次光熱費
2025-09-04,光熱費,6141,季節料金
2025-09-05,交際費,2245,お祝い
2025-09-05,娯楽,2235,書籍購入
2025-09-07,日用品,637,洗剤とトイレットペーパー
2025-09-07,食費,2249,家族の食材購入
2025-09-07,日用品,2484,衛生用品
2025-09-07,光熱費,17558,電気・ガスまとめ請求
2025-09-08,娯楽,6300,ゲーム購入
2025-09-08,交際費,1580,お祝い
2025-09-09,交際費,2639,接待費
2025-09-09,交際費,3349,お祝い
2025-09-09,交際費,2717,親族への贈答
2025-09-10,娯楽,2916,書籍購入
2025-09-11,医療費,2325,定期検診費
2025-09-11,娯楽,2718,ゲーム購入
2025-09-11,光熱費,9833,月次光熱費
2025-09-12,食費,1278,スーパーで買い物
2025-09-13,日用品,1627,衛生用品
2025-09-13,交際費,2287,会食代
2025-09-14,医療費,2682,定期検診費
2025-09-15,教育費,6252,通信講座費
2025-09-15,食費,2238,スーパーのまとめ買い
2025-09-15,日用品,1461,洗剤とトイレットペーパー
2025-09-16,食費,496,スーパーのまとめ買い
2025-09-16,娯楽,1774,飲み会
2025-09-16,食費,1467,コンビニで軽食
2025-09-16,食費,1287,朝食と昼食
2025-09-17,光熱費,14859,季節料金
2025-09-18,交際費,4661,会食代
2025-09-20,交通費,390,電車代
2025-09-21,交通費,775,通勤定期
2025-09-22,光熱費,9151,電気・ガスまとめ請求
2025-09-23,食費,3238,朝食と昼食
2025-09-24,交際費,4739,お祝い
2025-09-25,日用品,1784,化粧品購入
2025-09-26,光熱費,15149,季節料金
2025-09-27,その他,2586,急な出費
2025-10-01,住宅費,96139,家賃
2025-10-01,交通費,2384,駐車場代
2025-10-02,娯楽,5714,飲み会
2025-10-02,交際費,1060,会食代
2025-10-03,日用品,1667,掃除用品
2025-10-03,食費,1018,スーパーで買い物
2025-10-03,娯楽,2169,映画鑑賞
2025-10-05,交際費,1560,親族への贈答
2025-10-05,交通費,1639,出張交通費
2025-10-05,光熱費,6064,ガス代
2025-10-05,交通費,1406,バス代
2025-10-07,光熱費,8394,電気代
2025-10-09,食費,1792,家族の食材購入
2025-10-09,娯楽,4787,カフェで休憩
2025-10-10,その他,1663,急な出費
2025-10-10,光熱費,6157,電気・ガスまとめ請求
2025-10-11,食費,3316,夕食の買い出し
2025-10-11,日用品,1481,文房具を購入
2025-10-11,日用品,2413,生活雑貨購入
2025-10-13,食費,1772,スーパーのまとめ買い
2025-10-13,食費,1067,お弁当と飲み物
2025-10-13,交際費,2958,会食代
2025-10-14,医療費,10127,定期検診費
2025-10-14,医療費,3601,定期検診費
2025-10-15,教育費,7765,通信講座費
2025-10-16,日用品,2362,化粧品購入
2025-10-16,交際費,4305,同期会
2025-10-16,食費,2067,コンビニで軽食
2025-10-18,光熱費,9895,季節料金
2025-10-18,食費,1508,朝食と昼食
2025-10-18,食費,2181,お弁当と飲み物
2025-10-19,交通費,841,ガソリン代
2025-10-19,食費,641,お弁当と飲み物
2025-10-20,食費,524,お弁当と飲み物
2025-10-21,娯楽,5134,カフェで休憩
2025-10-22,日用品,748,掃除用品
2025-10-22,食費,2172,コンビニで軽食
2025-10-22,娯楽,1224,スポーツ観戦
2025-10-22,食費,2474,朝食と昼食
2025-10-22,交通費,1352,電車代
2025-10-23,食費,2766,コンビニで軽食
2025-10-23,日用品,1710,洗剤とトイレットペーパー
2025-10-24,日用品,1486,文房具を購入
2025-10-24,日用品,2035,化粧品購入
2025-10-24,光熱費,11007,電気・ガスまとめ請求
2025-10-24,娯楽,1688,飲み会
2025-10-26,娯楽,1042,飲み会
2025-10-26,食費,1692,コンビニで軽食
2025-10-27,光熱費,15228,電気・ガスまとめ請求
2025-10-27,交際費,5507,お祝い
2025-10-28,食費,789,夕食の買い出し
2025-11-01,住宅費,92217,家賃
2025-11-02,日用品,1651,化粧品購入
2025-11-02,光熱費,9679,電気代
2025-11-03,食費,1230,朝食と昼食
2025-11-04,医療費,1557,薬局で購入
2025-11-04,日用品,977,化粧品購入
2025-11-06,医療費,2196,処方箋代
2025-11-09,娯楽,6780,ライブチケット
2025-11-09,日用品,2235,衛生用品
2025-11-09,食費,906,コンビニで軽食
2025-11-10,交際費,3602,親族への贈答
2025-11-11,光熱費,18385,ガス代
2025-11-11,食費,2366,コンビニで軽食
2025-11-12,食費,793,お弁当と飲み物
2025-11-13,食費,1019,朝食と昼食
2025-11-15,教育費,7598,通信講座費
2025-11-16,日用品,1676,バスタオル購入
2025-11-17,その他,2911,急な出費
2025-11-20,娯楽,4610,スポーツ観戦
2025-11-20,食費,3194,コンビニで軽食
2025-11-22,日用品,1087,生活雑貨購入
2025-11-22,食費,2167,お弁当と飲み物
2025-11-22,日用品,1853,衛生用品
2025-11-23,日用品,927,化粧品購入
2025-11-23,日用品,686,洗剤とトイレットペーパー
2025-11-24,娯楽,4339,カフェで休憩
2025-11-24,娯楽,4018,ライブチケット
2025-11-25,日用品,2368,バスタオル購入
2025-11-26,医療費,4615,定期検診費
2025-11-26,食費,1007,コンビニで軽食
2025-11-26,娯楽,1410,ライブチケット
2025-11-27,交通費,748,ガソリン代
2025-11-27,日用品,604,文房具を購入
2025-11-27,食費,814,スーパーで買い物
2025-11-28,光熱費,14772,電気代
2025-11-28,日用品,2599,化粧品購入
2025-12-01,住宅費,93628,家賃
2025-12-02,日用品,2304,掃除用品
2025-12-02,食費,1497,夕食の買い出し
2025-12-03,食費,1005,スーパーのまとめ買い
2025-12-04,娯楽,3269,カフェで休憩
2025-12-04,娯楽,5523,ゲーム購入
2025-12-05,交通費,1080,バス代
2025-12-05,食費,1950,スーパーのまとめ買い
2025-12-05,光熱費,15138,電気代
2025-12-07,交通費,1867,高速道路代
2025-12-09,その他,2887,小物購入
2025-12-09,食費,1362,夕食の買い出し
2025-12-10,交通費,1273,駐車場代
2025-12-11,食費,2111,スーパーのまとめ買い
2025-12-14,食費,2344,お弁当と飲み物
2025-12-15,教育費,8232,通信講座費
2025-12-15,交際費,4593,お祝い
2025-12-16,交際費,7350,同期会
2025-12-16,日用品,327,掃除用品
2025-12-16,交通費,1361,通勤定期
2025-12-16,日用品,2411,洗剤とトイレットペーパー
2025-12-17,食費,1541,朝食と昼食
2025-12-17,日用品,1566,掃除用品
2025-12-18,食費,1006,夕食の買い出し
2025-12-18,交際費,7513,同期会
2025-12-19,日用品,1515,生活雑貨購入
2025-12-22,娯楽,3383,カフェで休憩
2025-12-22,娯楽,4916,ゲーム購入
2025-12-24,食費,1177,コンビニで軽食
2025-12-26,光熱費,12543,ガス代
2025-12-27,日用品,805,バスタオル購入
2025-12-27,医療費,11647,薬局で購入
2025-12-28,交際費,4818,会食代
2025-12-28,食費,2184,朝食と昼食
